Deep Space One,http://somafm.com/deepspaceone.pls
Space Station Soma,http://somafm.com/spacestation.pls
Drone Zone,http://somafm.com/dronezone.pls
Ghost Box Radio,http://108.61.154.147:5940/
Dark Ambient Radio,http://s3.viastreaming.net:8835/listen.pls
Siren Songs,http://sirensongs.radio.mynoise.net
Space Odyssey,http://spaceodussey.radio.mynoise.net
Drone Zone Ambient,http://dronezone.radion.mynoise.net
Rainy Day,http://rainyday.radio.mynoise.net
Pure Nature,http://purenature.radio.mynoise.net
Zen Garden,http://zengarden.radio.mynoise.net
