Post-Radio,https://post-pedia.com/radio
Postrocks.me,http://postrocks.me/
Digitalis,https://somafm.com/digitalis.pls
Cliqhop idm,https://somafm.com/cliqhop256.pls
Retro PC Game Music,http://gyusyabu.ddo.jp/MP3/MP3.html
DEF CON Radio,http://somafm.com/defcon.pls
Fluid,https://somafm.com/fluid.pls
Nightwave Plaza,http://radio.plaza.one/mp3
Vaporwaves,http://somafm.com/vaporwaves.pls
Groove Salad,http://somafm.com/groovesalad.pls
Beat Blender,http://somafm.com/beatblender.pls
Hunter FM,https://live.hunter.fm/lofi_high
Chillhop Music,https://streams.ilovemusic.de/iloveradio17.mp3
Secret Agent,http://somafm.com/secretagent.pls
