Ghost Box Radio,https://cp1.hostcrate.com/8098/stream
Dark Ambient Radio,http://s3.viastreaming.net:8835/listen.pls
Dark Zone,https://somafm.com/darkzone130.pls
Deep Space One,http://somafm.com/deepspaceone.pls
Space Station Soma,http://somafm.com/spacestation.pls
Drone Zone,http://somafm.com/dronezone.pls
Space Odyssey,http://spaceodyssey.radio.mynoise.net
Siren Songs,http://sirensongs.radio.mynoise.net
Zen Garden,http://zengarden.radio.mynoise.net
Drone Zone Ambient,http://dronezone.radio.mynoise.net
Rainy Day,http://rainyday.radio.mynoise.net
Pure Nature,http://purenature.radio.mynoise.net
